name,category,build_date,ActsTrackFindingAlg,ActsPixelSeedingAlg,ActsPixelClusterizationAlg,ActsStripClusterizationAlg,ActsAmbiguityResolutionAlg
01-01-2025-main-x86_64-el9-gcc13-opt-phase2_recoonly_actsfasttracking-RAWtoALL,spot-mon-phase2_recoonly_actsfasttracking,2025-01-01 21:01:00,0.8112690909090909,0.8001348484848485,0.7133168686868687,0.3487134343434343,0.1004369696969697
01-02-2025-main-x86_64-el9-gcc13-opt-phase2_recoonly_actsfasttracking-RAWtoALL,spot-mon-phase2_recoonly_actsfasttracking,2025-02-01 21:01:00,0.8400832323232325,0.8056885858585859,0.6009576767676768,0.352629797979798,0.11374666666666668
01-03-2025-main-x86_64-el9-gcc13-opt-phase2_recoonly_actsfasttracking-RAWtoALL,spot-mon-phase2_recoonly_actsfasttracking,2025-03-01 21:01:00,0.7747283838383838,0.7916356565656565,0.41782525252525254,0.33641131313131317,0.08927393939393939
01-04-2025-main-x86_64-el9-gcc13-opt-phase2_recoonly_actsfasttracking-RAWtoALL,spot-mon-phase2_recoonly_actsfasttracking,,0.757540101010101,0.7868148484848485,0.4288066666666667,0.32414000000000004,0.10398333333333333
01-05-2025-main-x86_64-el9-gcc13-opt-phase2_recoonly_actsfasttracking-RAWtoALL,spot-mon-phase2_recoonly_actsfasttracking,2025-05-01 21:00:00,0.7353472727272727,0.8002151515151515,0.40677535353535355,0.3280687878787879,0.10267686868686869
01-08-2024-main-x86_64-el9-gcc13-opt-phase2_recoonly_actsfasttracking-RAWtoALL,spot-mon-phase2_recoonly_actsfasttracking,2024-08-01 21:01:00,0.910539191919192,0.7735339393939393,0.723960808080808,0.33919454545454547,0.09447858585858586
01-09-2024-main-x86_64-el9-gcc13-opt-phase2_recoonly_actsfasttracking-RAWtoALL,spot-mon-phase2_recoonly_actsfasttracking,2024-09-01 21:01:00,0.8287212121212121,0.7740618181818182,0.7251414141414142,0.3598186868686869,0.09627393939393941
01-10-2024-main-x86_64-el9-gcc13-opt-phase2_recoonly_actsfasttracking-RAWtoALL,spot-mon-phase2_recoonly_actsfasttracking,2024-10-01 21:01:00,0.7481679797979798,0.7761951515151516,0.6930549494949496,0.3654488888888889,0.09905050505050504
01-11-2024-main-x86_64-el9-gcc13-opt-phase2_recoonly_actsfasttracking-RAWtoALL,spot-mon-phase2_recoonly_actsfasttracking,2024-11-01 21:01:00,0.7203813131313132,0.8219055555555554,0.7113061616161616,0.3726911111111111,0.09969333333333331
01-12-2024-main-x86_64-el9-gcc13-opt-phase2_recoonly_actsfasttracking-RAWtoALL,spot-mon-phase2_recoonly_actsfasttracking,2024-12-01 21:01:00,0.8308020202020201,0.8002704040404041,0.6993031313131313,0.34919070707070704,0.1041311111111111
02-01-2025-main-x86_64-el9-gcc13-opt-phase2_recoonly_actsfasttracking-RAWtoALL,spot-mon-phase2_recoonly_actsfasttracking,2025-01-02 21:01:00,0.8359566666666668,0.7997513131313132,0.7079676767676768,0.34908373737373743,0.10035747474747475
02-02-2025-main-x86_64-el9-gcc13-opt-phase2_recoonly_actsfasttracking-RAWtoALL,spot-mon-phase2_recoonly_actsfasttracking,2025-02-02 21:01:00,0.8452674747474747,0.8125733333333333,0.5897863636363636,0.35688737373737367,0.1128510101010101
02-03-2025-main-x86_64-el9-gcc13-opt-phase2_recoonly_actsfasttracking-RAWtoALL,spot-mon-phase2_recoonly_actsfasttracking,2025-03-02 21:01:00,0.744709898989899,0.7899666666666666,0.4199139393939394,0.3367335353535354,0.08873616161616162
02-04-2025-main-x86_64-el9-gcc13-opt-phase2_recoonly_actsfasttracking-RAWtoALL,spot-mon-phase2_recoonly_actsfasttracking,2025-04-02 21:01:00,0.7513163636363638,0.7871525252525252,0.4145287878787879,0.32908272727272725,0.10656080808080809
02-05-2025-main-x86_64-el9-gcc13-opt-phase2_recoonly_actsfasttracking-RAWtoALL,spot-mon-phase2_recoonly_actsfasttracking,2025-05-02 21:00:00,0.755829191919192,0.8036826262626263,0.40512848484848485,0.3292044444444444,0.1053620202020202
02-08-2024-main-x86_64-el9-gcc13-opt-phase2_recoonly_actsfasttracking-RAWtoALL,spot-mon-phase2_recoonly_actsfasttracking,2024-08-02 21:01:00,0.9151494949494949,0.7713262626262626,0.7730272727272727,0.3418749494949495,0.09805464646464646
02-09-2024-main-x86_64-el9-gcc13-opt-phase2_recoonly_actsfasttracking-RAWtoALL,spot-mon-phase2_recoonly_actsfasttracking,2024-09-02 21:01:00,0.8330181818181819,0.7736705050505052,0.7071046464646464,0.3597157575757576,0.09668595959595959
02-10-2024-main-x86_64-el9-gcc13-opt-phase2_recoonly_actsfasttracking-RAWtoALL,spot-mon-phase2_recoonly_actsfasttracking,2024-10-02 21:01:00,0.7674217171717171,0.7780521212121213,0.7171417171717172,0.3674789898989899,0.10417666666666667
02-11-2024-main-x86_64-el9-gcc13-opt-phase2_recoonly_actsfasttracking-RAWtoALL,spot-mon-phase2_recoonly_actsfasttracking,2024-11-02 21:01:00,0.7174408080808081,0.8238685858585858,0.7453715151515152,0.3716596969696969,0.09862262626262625
02-12-2024-main-x86_64-el9-gcc13-opt-phase2_recoonly_actsfasttracking-RAWtoALL,spot-mon-phase2_recoonly_actsfasttracking,2024-12-02 21:01:00,0.8272454545454545,0.8061823232323232,0.7009278787878788,0.35545656565656564,0.10312525252525254
03-01-2025-main-x86_64-el9-gcc13-opt-phase2_recoonly_actsfasttracking-RAWtoALL,spot-mon-phase2_recoonly_actsfasttracking,2025-01-03 21:01:00,0.8121157575757576,0.8014929292929294,0.7166220202020203,0.34876737373737376,0.10339050505050504
03-02-2025-main-x86_64-el9-gcc13-opt-phase2_recoonly_actsfasttracking-RAWtoALL,spot-mon-phase2_recoonly_actsfasttracking,2025-02-03 21:01:00,0.8409220202020201,0.811579696969697,0.596919393939394,0.3566893939393939,0.11196454545454546
03-03-2025-main-x86_64-el9-gcc13-opt-phase2_recoonly_actsfasttracking-RAWtoALL,spot-mon-phase2_recoonly_actsfasttracking,2025-03-03 21:01:00,0.7424457575757577,0.7966728282828283,0.4310156565656566,0.3279788888888889,0.08893868686868688
03-04-2025-main-x86_64-el9-gcc13-opt-phase2_recoonly_actsfasttracking-RAWtoALL,spot-mon-phase2_recoonly_actsfasttracking,2025-04-03 21:01:00,0.7549293939393938,0.7862616161616162,0.4168676767676768,0.3272330303030303,0.10593919191919192
03-05-2025-main-x86_64-el9-gcc13-opt-phase2_recoonly_actsfasttracking-RAWtoALL,spot-mon-phase2_recoonly_actsfasttracking,2025-05-03 21:00:00,0.7525427272727272,0.8006433333333333,0.4031075757575758,0.3323121212121213,0.10418868686868688
03-08-2024-main-x86_64-el9-gcc13-opt-phase2_recoonly_actsfasttracking-RAWtoALL,spot-mon-phase2_recoonly_actsfasttracking,2024-08-03 21:01:00,0.9143933333333334,0.7724254545454545,0.7058885858585858,0.3369876767676767,0.09864323232323231
03-09-2024-main-x86_64-el9-gcc13-opt-phase2_recoonly_actsfasttracking-RAWtoALL,spot-mon-phase2_recoonly_actsfasttracking,2024-09-03 21:01:00,0.8211162626262626,0.7744611111111112,0.7765224242424242,0.3586866666666667,0.09795525252525251
03-10-2024-main-x86_64-el9-gcc13-opt-phase2_recoonly_actsfasttracking-RAWtoALL,spot-mon-phase2_recoonly_actsfasttracking,2024-10-03 21:01:00,0.732559797979798,0.7757735353535353,0.7005974747474747,0.3652447474747475,0.09619848484848485
03-11-2024-main-x86_64-el9-gcc13-opt-phase2_recoonly_actsfasttracking-RAWtoALL,spot-mon-phase2_recoonly_actsfasttracking,2024-11-03 21:01:00,0.7233009090909089,0.820709191919192,0.7127566666666667,0.3727831313131313,0.09770212121212123
03-12-2024-main-x86_64-el9-gcc13-opt-phase2_recoonly_actsfasttracking-RAWtoALL,spot-mon-phase2_recoonly_actsfasttracking,2024-12-03 21:01:00,0.8031380808080808,0.7960362626262625,0.7065673737373738,0.3465879797979798,0.10129323232323234
04-01-2025-main-x86_64-el9-gcc13-opt-phase2_recoonly_actsfasttracking-RAWtoALL,spot-mon-phase2_recoonly_actsfasttracking,2025-01-04 21:01:00,0.8135739393939395,0.800939292929293,0.7115403030303031,0.35002616161616157,0.10260343434343434
04-02-2025-main-x86_64-el9-gcc13-opt-phase2_recoonly_actsfasttracking-RAWtoALL,spot-mon-phase2_recoonly_actsfasttracking,2025-02-04 21:01:00,0.8758702020202019,0.805599898989899,0.5864569696969697,0.3518525252525253,0.11167363636363636
04-03-2025-main-x86_64-el9-gcc13-opt-phase2_recoonly_actsfasttracking-RAWtoALL,spot-mon-phase2_recoonly_actsfasttracking,2025-03-04 21:01:00,0.7486272727272728,0.7904262626262627,0.4135816161616162,0.3289579797979798,0.08921222222222222
04-04-2025-main-x86_64-el9-gcc13-opt-phase2_recoonly_actsfasttracking-RAWtoALL,spot-mon-phase2_recoonly_actsfasttracking,2025-04-04 21:01:00,0.7491225252525253,0.7924316161616161,0.42370070707070706,0.3282566666666667,0.10441141414141414
04-05-2025-main-x86_64-el9-gcc13-opt-phase2_recoonly_actsfasttracking-RAWtoALL,spot-mon-phase2_recoonly_actsfasttracking,2025-05-04 21:00:00,0.7553310101010101,0.7992096969696969,0.4072063636363636,0.327379494949495,0.1038158585858586
04-08-2024-main-x86_64-el9-gcc13-opt-phase2_recoonly_actsfasttracking-RAWtoALL,spot-mon-phase2_recoonly_actsfasttracking,2024-08-04 21:01:00,0.9153926262626262,0.7744385858585859,0.7172680808080807,0.33789212121212125,0.0988579797979798
04-09-2024-main-x86_64-el9-gcc13-opt-phase2_recoonly_actsfasttracking-RAWtoALL,spot-mon-phase2_recoonly_actsfasttracking,2024-09-04 21:01:00,0.8100980808080809,0.775350303030303,0.744760202020202,0.3586756565656566,0.09500454545454545
04-10-2024-main-x86_64-el9-gcc13-opt-phase2_recoonly_actsfasttracking-RAWtoALL,spot-mon-phase2_recoonly_actsfasttracking,2024-10-04 21:01:00,0.7355373737373736,0.7743967676767677,0.7278058585858586,0.3662623232323233,0.09695242424242424
04-11-2024-main-x86_64-el9-gcc13-opt-phase2_recoonly_actsfasttracking-RAWtoALL,spot-mon-phase2_recoonly_actsfasttracking,2024-11-04 21:01:00,0.7259644444444444,0.7580339393939394,0.7052880808080808,0.3748939393939394,0.09869878787878789
04-12-2024-main-x86_64-el9-gcc13-opt-phase2_recoonly_actsfasttracking-RAWtoALL,spot-mon-phase2_recoonly_actsfasttracking,2024-12-04 21:01:00,0.8056494949494949,0.7993482828282829,0.6991486868686869,0.35160121212121204,0.10101929292929292
05-01-2025-main-x86_64-el9-gcc13-opt-phase2_recoonly_actsfasttracking-RAWtoALL,spot-mon-phase2_recoonly_actsfasttracking,2025-01-05 21:01:00,0.8157474747474748,0.7981684848484848,0.7089648484848485,0.34805919191919193,0.10162636363636363
05-02-2025-main-x86_64-el9-gcc13-opt-phase2_recoonly_actsfasttracking-RAWtoALL,spot-mon-phase2_recoonly_actsfasttracking,2025-02-05 21:01:00,0.8257126262626263,0.804109797979798,0.5897258585858586,0.35124161616161614,0.11439434343434345
05-03-2025-main-x86_64-el9-gcc13-opt-phase2_recoonly_actsfasttracking-RAWtoALL,spot-mon-phase2_recoonly_actsfasttracking,2025-03-05 21:01:00,0.7567166666666666,0.7902485858585859,0.417779696969697,0.32999828282828286,0.08970939393939395
05-04-2025-main-x86_64-el9-gcc13-opt-phase2_recoonly_actsfasttracking-RAWtoALL,spot-mon-phase2_recoonly_actsfasttracking,2025-04-05 21:01:00,0.7532681818181818,0.786238080808081,0.42226575757575757,0.3263337373737374,0.1053149494949495
05-05-2025-main-x86_64-el9-gcc13-opt-phase2_recoonly_actsfasttracking-RAWtoALL,spot-mon-phase2_recoonly_actsfasttracking,2025-05-05 21:00:00,0.7457814141414141,0.801461111111111,0.40406747474747473,0.32930323232323233,0.1034109090909091
05-08-2024-main-x86_64-el9-gcc13-opt-phase2_recoonly_actsfasttracking-RAWtoALL,spot-mon-phase2_recoonly_actsfasttracking,2024-08-05 21:01:00,0.9202378787878788,0.7739499999999999,0.7659234343434344,0.33671727272727275,0.0958610101010101
05-09-2024-main-x86_64-el9-gcc13-opt-phase2_recoonly_actsfasttracking-RAWtoALL,spot-mon-phase2_recoonly_actsfasttracking,2024-09-05 21:01:00,0.826280101010101,0.7735756565656565,0.7048866666666666,0.3754388888888889,0.09730838383838385
05-11-2024-main-x86_64-el9-gcc13-opt-phase2_recoonly_actsfasttracking-RAWtoALL,spot-mon-phase2_recoonly_actsfasttracking,2024-11-05 21:01:00,0.7214475757575758,0.7579105050505051,0.7598392929292929,0.37322858585858587,0.09812585858585858
05-12-2024-main-x86_64-el9-gcc13-opt-phase2_recoonly_actsfasttracking-RAWtoALL,spot-mon-phase2_recoonly_actsfasttracking,2024-12-05 21:01:00,0.8466006060606062,0.7956057575757576,0.6982609090909091,0.3531967676767677,0.10053606060606061
06-01-2025-main-x86_64-el9-gcc13-opt-phase2_recoonly_actsfasttracking-RAWtoALL,spot-mon-phase2_recoonly_actsfasttracking,2025-01-06 21:01:00,0.8109142424242424,0.8078565656565657,0.611770303030303,0.35268343434343435,0.10856373737373737
06-02-2025-main-x86_64-el9-gcc13-opt-phase2_recoonly_actsfasttracking-RAWtoALL,spot-mon-phase2_recoonly_actsfasttracking,2025-02-06 21:01:00,0.8752853535353535,0.8059839393939394,0.5872094949494949,0.353969797979798,0.11215949494949495
06-03-2025-main-x86_64-el9-gcc13-opt-phase2_recoonly_actsfasttracking-RAWtoALL,spot-mon-phase2_recoonly_actsfasttracking,2025-03-06 21:01:00,0.7529461616161616,0.7886633333333333,0.4191258585858586,0.3294959595959596,0.08966262626262626
06-04-2025-main-x86_64-el9-gcc13-opt-phase2_recoonly_actsfasttracking-RAWtoALL,spot-mon-phase2_recoonly_actsfasttracking,2025-04-06 21:01:00,0.7672169696969696,0.7857788888888888,0.4146763636363636,0.32736959595959597,0.10547030303030303
06-05-2025-main-x86_64-el9-gcc13-opt-phase2_recoonly_actsfasttracking-RAWtoALL,spot-mon-phase2_recoonly_actsfasttracking,2025-05-06 21:00:00,0.7515773737373738,0.7963831313131312,0.4063448484848484,0.3274855555555556,0.1049788888888889
06-08-2024-main-x86_64-el9-gcc13-opt-phase2_recoonly_actsfasttracking-RAWtoALL,spot-mon-phase2_recoonly_actsfasttracking,2024-08-06 21:01:00,0.9115637373737374,0.775281212121212,0.708848686868687,0.33593656565656566,0.09689404040404041
06-09-2024-main-x86_64-el9-gcc13-opt-phase2_recoonly_actsfasttracking-RAWtoALL,spot-mon-phase2_recoonly_actsfasttracking,2024-09-06 21:01:00,0.8235175757575759,0.7744462626262625,0.7117516161616163,0.37499606060606067,0.09589070707070707
06-10-2024-main-x86_64-el9-gcc13-opt-phase2_recoonly_actsfasttracking-RAWtoALL,spot-mon-phase2_recoonly_actsfasttracking,2024-10-06 21:01:00,0.7365343434343434,0.7743835353535354,0.6980108080808081,0.36608191919191924,0.09884525252525253
06-11-2024-main-x86_64-el9-gcc13-opt-phase2_recoonly_actsfasttracking-RAWtoALL,spot-mon-phase2_recoonly_actsfasttracking,2024-11-06 21:01:00,0.7202305050505051,0.7540153535353535,0.6948633333333334,0.38069868686868685,0.09895949494949494
06-12-2024-main-x86_64-el9-gcc13-opt-phase2_recoonly_actsfasttracking-RAWtoALL,spot-mon-phase2_recoonly_actsfasttracking,2024-12-06 21:01:00,0.8107156565656566,0.796070404040404,0.693249494949495,0.3461013131313131,0.10061171717171716
07-01-2025-main-x86_64-el9-gcc13-opt-phase2_recoonly_actsfasttracking-RAWtoALL,spot-mon-phase2_recoonly_actsfasttracking,2025-01-07 21:01:00,0.8055960606060606,0.7995696969696969,0.5790336363636364,0.35052434343434347,0.10642939393939393
07-02-2025-main-x86_64-el9-gcc13-opt-phase2_recoonly_actsfasttracking-RAWtoALL,spot-mon-phase2_recoonly_actsfasttracking,2025-02-07 21:01:00,0.8486497979797979,0.8061628282828283,0.5961553535353535,0.3531959595959596,0.11514919191919191
07-03-2025-main-x86_64-el9-gcc13-opt-phase2_recoonly_actsfasttracking-RAWtoALL,spot-mon-phase2_recoonly_actsfasttracking,2025-03-07 21:01:00,0.753039595959596,0.7989860606060606,0.4238567676767677,0.3318435353535354,0.09113434343434343
07-04-2025-main-x86_64-el9-gcc13-opt-phase2_recoonly_actsfasttracking-RAWtoALL,spot-mon-phase2_recoonly_actsfasttracking,2025-04-07 21:01:00,0.7499260606060605,0.7933958585858586,0.417960303030303,0.3273640404040404,0.1040868686868687
07-05-2025-main-x86_64-el9-gcc13-opt-phase2_recoonly_actsfasttracking-RAWtoALL,spot-mon-phase2_recoonly_actsfasttracking,2025-05-07 21:00:00,0.7549572727272728,0.7972803030303031,0.391699797979798,0.3326266666666666,0.10411111111111111
07-08-2024-main-x86_64-el9-gcc13-opt-phase2_recoonly_actsfasttracking-RAWtoALL,spot-mon-phase2_recoonly_actsfasttracking,2024-08-07 21:01:00,0.9095070707070707,0.7763981818181819,0.7051277777777777,0.338190101010101,0.0941452525252525
07-09-2024-main-x86_64-el9-gcc13-opt-phase2_recoonly_actsfasttracking-RAWtoALL,spot-mon-phase2_recoonly_actsfasttracking,2024-09-07 21:01:00,0.811871212121212,0.7762151515151516,0.7040241414141415,0.37428050505050503,0.0962909090909091
07-10-2024-main-x86_64-el9-gcc13-opt-phase2_recoonly_actsfasttracking-RAWtoALL,spot-mon-phase2_recoonly_actsfasttracking,2024-10-07 21:01:00,0.7430457575757576,0.8262017171717172,0.7099387878787878,0.36823787878787884,0.10041969696969696
07-11-2024-main-x86_64-el9-gcc13-opt-phase2_recoonly_actsfasttracking-RAWtoALL,spot-mon-phase2_recoonly_actsfasttracking,2024-11-07 21:01:00,0.7329246464646465,0.7608851515151515,0.7031331313131313,0.3851715151515152,0.09950121212121213
07-12-2024-main-x86_64-el9-gcc13-opt-phase2_recoonly_actsfasttracking-RAWtoALL,spot-mon-phase2_recoonly_actsfasttracking,2024-12-07 21:01:00,0.8059112121212122,0.7985136363636365,0.69557,0.3465844444444445,0.10116484848484848
08-01-2025-main-x86_64-el9-gcc13-opt-phase2_recoonly_actsfasttracking-RAWtoALL,spot-mon-phase2_recoonly_actsfasttracking,2025-01-08 21:01:00,0.8097747474747474,0.8066800000000001,0.601329393939394,0.35252232323232324,0.10950494949494949
08-02-2025-main-x86_64-el9-gcc13-opt-phase2_recoonly_actsfasttracking-RAWtoALL,spot-mon-phase2_recoonly_actsfasttracking,2025-02-08 21:01:00,0.8370050505050505,0.8063970707070707,0.5824867676767677,0.35521878787878786,0.11099020202020202
08-03-2025-main-x86_64-el9-gcc13-opt-phase2_recoonly_actsfasttracking-RAWtoALL,spot-mon-phase2_recoonly_actsfasttracking,2025-03-08 21:01:00,0.7478582828282828,0.7951753535353535,0.42295595959595955,0.3305119191919192,0.0905809090909091
08-04-2025-main-x86_64-el9-gcc13-opt-phase2_recoonly_actsfasttracking-RAWtoALL,spot-mon-phase2_recoonly_actsfasttracking,2025-04-08 21:01:00,0.7489242424242425,0.7918472727272727,0.4209298989898989,0.33038626262626264,0.10407757575757576
08-05-2025-main-x86_64-el9-gcc13-opt-phase2_recoonly_actsfasttracking-RAWtoALL,spot-mon-phase2_recoonly_actsfasttracking,2025-05-08 21:00:00,0.7506418181818181,0.800209797979798,0.390209696969697,0.3300111111111111,0.10377232323232322
08-08-2024-main-x86_64-el9-gcc13-opt-phase2_recoonly_actsfasttracking-RAWtoALL,spot-mon-phase2_recoonly_actsfasttracking,2024-08-08 21:01:00,0.922350202020202,0.7747042424242424,0.7245485858585858,0.35092222222222225,0.09659969696969697
08-09-2024-main-x86_64-el9-gcc13-opt-phase2_recoonly_actsfasttracking-RAWtoALL,spot-mon-phase2_recoonly_actsfasttracking,2024-09-08 21:01:00,0.8131350505050504,0.775230202020202,0.7062231313131313,0.37012181818181816,0.09483646464646464
08-10-2024-main-x86_64-el9-gcc13-opt-phase2_recoonly_actsfasttracking-RAWtoALL,spot-mon-phase2_recoonly_actsfasttracking,2024-10-08 21:01:00,0.7367649494949494,0.8245138383838384,0.7011151515151515,0.35184525252525256,0.09934515151515151
08-11-2024-main-x86_64-el9-gcc13-opt-phase2_recoonly_actsfasttracking-RAWtoALL,spot-mon-phase2_recoonly_actsfasttracking,2024-11-08 21:01:00,0.7235508080808081,0.7559059595959597,0.6972717171717171,0.3849550505050505,0.10074434343434345
08-12-2024-main-x86_64-el9-gcc13-opt-phase2_recoonly_actsfasttracking-RAWtoALL,spot-mon-phase2_recoonly_actsfasttracking,2024-12-08 21:01:00,0.8062693939393939,0.8006483838383839,0.7355351515151515,0.3480491919191919,0.10155616161616161
09-01-2025-main-x86_64-el9-gcc13-opt-phase2_recoonly_actsfasttracking-RAWtoALL,spot-mon-phase2_recoonly_actsfasttracking,2025-01-09 21:01:00,0.8105159595959596,0.8065173737373738,0.5849424242424243,0.35446555555555553,0.1111319191919192
09-02-2025-main-x86_64-el9-gcc13-opt-phase2_recoonly_actsfasttracking-RAWtoALL,spot-mon-phase2_recoonly_actsfasttracking,2025-02-09 21:01:00,0.9025647474747475,0.8065358585858585,0.5860618181818182,0.3539870707070707,0.11320090909090909
09-03-2025-main-x86_64-el9-gcc13-opt-phase2_recoonly_actsfasttracking-RAWtoALL,spot-mon-phase2_recoonly_actsfasttracking,2025-03-09 21:01:00,0.7411048484848486,0.7968189898989899,0.4218412121212121,0.3337266666666667,0.08950707070707072
09-04-2025-main-x86_64-el9-gcc13-opt-phase2_recoonly_actsfasttracking-RAWtoALL,spot-mon-phase2_recoonly_actsfasttracking,2025-04-09 21:01:00,0.7524962626262626,0.7989420202020202,0.42073343434343435,0.3310424242424242,0.1060080808080808
09-08-2024-main-x86_64-el9-gcc13-opt-phase2_recoonly_actsfasttracking-RAWtoALL,spot-mon-phase2_recoonly_actsfasttracking,2024-08-09 21:01:00,0.9141915151515153,0.7734347474747474,0.7168142424242425,0.34915666666666667,0.09459787878787879
09-09-2024-main-x86_64-el9-gcc13-opt-phase2_recoonly_actsfasttracking-RAWtoALL,spot-mon-phase2_recoonly_actsfasttracking,2024-09-09 21:01:00,0.7953089898989899,0.7734260606060605,0.7028864646464645,0.36816050505050507,0.09477555555555556
09-10-2024-main-x86_64-el9-gcc13-opt-phase2_recoonly_actsfasttracking-RAWtoALL,spot-mon-phase2_recoonly_actsfasttracking,2024-10-09 21:01:00,0.7505066666666668,0.8251459595959595,0.7023919191919192,0.35302303030303034,0.09925999999999999
09-11-2024-main-x86_64-el9-gcc13-opt-phase2_recoonly_actsfasttracking-RAWtoALL,spot-mon-phase2_recoonly_actsfasttracking,2024-11-09 21:01:00,0.7636975757575758,0.8032053535353535,0.7105189898989899,0.38510282828282827,0.10190636363636364
09-12-2024-main-x86_64-el9-gcc13-opt-phase2_recoonly_actsfasttracking-RAWtoALL,spot-mon-phase2_recoonly_actsfasttracking,2024-12-09 21:01:00,0.8006539393939395,0.8057805050505051,0.7003967676767677,0.3486368686868687,0.10159272727272727
10-01-2025-main-x86_64-el9-gcc13-opt-phase2_recoonly_actsfasttracking-RAWtoALL,spot-mon-phase2_recoonly_actsfasttracking,2025-01-10 21:01:00,0.8247056565656565,0.7984285858585858,0.5816082828282828,0.3542867676767677,0.11415060606060606
10-02-2025-main-x86_64-el9-gcc13-opt-phase2_recoonly_actsfasttracking-RAWtoALL,spot-mon-phase2_recoonly_actsfasttracking,2025-02-10 21:01:00,0.8348989898989899,0.8038485858585858,0.6040793939393939,0.3566858585858586,0.11323838383838385
10-03-2025-main-x86_64-el9-gcc13-opt-phase2_recoonly_actsfasttracking-RAWtoALL,spot-mon-phase2_recoonly_actsfasttracking,2025-03-10 21:01:00,0.7558173737373737,0.7911926262626263,0.4190431313131313,0.3300314141414142,0.09227686868686868
10-04-2025-main-x86_64-el9-gcc13-opt-phase2_recoonly_actsfasttracking-RAWtoALL,spot-mon-phase2_recoonly_actsfasttracking,2025-04-10 21:01:00,0.7550188888888889,0.7872327272727272,0.41760505050505053,0.32484303030303024,0.10559767676767676
10-08-2024-main-x86_64-el9-gcc13-opt-phase2_recoonly_actsfasttracking-RAWtoALL,spot-mon-phase2_recoonly_actsfasttracking,2024-08-10 21:01:00,0.9158219191919192,0.7757529292929293,0.7230621212121211,0.35210353535353534,0.09578434343434343
10-09-2024-main-x86_64-el9-gcc13-opt-phase2_recoonly_actsfasttracking-RAWtoALL,spot-mon-phase2_recoonly_actsfasttracking,2024-09-10 21:01:00,0.7938264646464648,0.7743755555555555,0.7075650505050505,0.3672338383838384,0.09967727272727271
10-10-2024-main-x86_64-el9-gcc13-opt-phase2_recoonly_actsfasttracking-RAWtoALL,spot-mon-phase2_recoonly_actsfasttracking,2024-10-10 21:01:00,0.7477080808080808,0.8253303030303031,0.7017287878787878,0.36264444444444444,0.1003531313131313
10-11-2024-main-x86_64-el9-gcc13-opt-phase2_recoonly_actsfasttracking-RAWtoALL,spot-mon-phase2_recoonly_actsfasttracking,2024-11-10 21:01:00,0.7761110101010101,0.7992025252525252,0.7055075757575757,0.3835666666666666,0.10320353535353535
10-12-2024-main-x86_64-el9-gcc13-opt-phase2_recoonly_actsfasttracking-RAWtoALL,spot-mon-phase2_recoonly_actsfasttracking,2024-12-10 23:01:00,0.8299109090909089,0.8083348484848485,0.7085853535353536,0.35505343434343434,0.101880101010101
11-01-2025-main-x86_64-el9-gcc13-opt-phase2_recoonly_actsfasttracking-RAWtoALL,spot-mon-phase2_recoonly_actsfasttracking,2025-01-11 21:01:00,0.811749898989899,0.7965273737373738,0.5805829292929293,0.3530405050505051,0.11276868686868688
11-02-2025-main-x86_64-el9-gcc13-opt-phase2_recoonly_actsfasttracking-RAWtoALL,spot-mon-phase2_recoonly_actsfasttracking,2025-02-11 21:01:00,0.8623242424242425,0.8011378787878787,0.5860237373737374,0.3499677777777777,0.11345828282828284
11-03-2025-main-x86_64-el9-gcc13-opt-phase2_recoonly_actsfasttracking-RAWtoALL,spot-mon-phase2_recoonly_actsfasttracking,2025-03-11 21:01:00,0.7536245454545454,0.7904038383838383,0.41667414141414144,0.33031767676767676,0.09133666666666666
11-04-2025-main-x86_64-el9-gcc13-opt-phase2_recoonly_actsfasttracking-RAWtoALL,spot-mon-phase2_recoonly_actsfasttracking,2025-04-11 21:01:00,0.7564663636363637,0.7887023232323233,0.41563888888888884,0.33018282828282824,0.10510949494949494
11-08-2024-main-x86_64-el9-gcc13-opt-phase2_recoonly_actsfasttracking-RAWtoALL,spot-mon-phase2_recoonly_actsfasttracking,2024-08-11 21:01:00,0.9200686868686868,0.7748936363636364,0.7025751515151515,0.3508452525252525,0.09458919191919192
11-09-2024-main-x86_64-el9-gcc13-opt-phase2_recoonly_actsfasttracking-RAWtoALL,spot-mon-phase2_recoonly_actsfasttracking,2024-09-11 21:01:00,0.7930476767676767,0.7749247474747475,0.7640775757575756,0.36015151515151517,0.0951359595959596
11-10-2024-main-x86_64-el9-gcc13-opt-phase2_recoonly_actsfasttracking-RAWtoALL,spot-mon-phase2_recoonly_actsfasttracking,2024-10-11 21:01:00,0.7443522222222221,0.8243632323232324,0.7023343434343435,0.3610463636363636,0.09804303030303031
11-11-2024-main-x86_64-el9-gcc13-opt-phase2_recoonly_actsfasttracking-RAWtoALL,spot-mon-phase2_recoonly_actsfasttracking,2024-11-11 21:01:00,0.7581950505050504,0.802559494949495,0.7292689898989899,0.3868656565656565,0.10241424242424244
11-12-2024-main-x86_64-el9-gcc13-opt-phase2_recoonly_actsfasttracking-RAWtoALL,spot-mon-phase2_recoonly_actsfasttracking,2024-12-11 21:01:00,0.8089347474747474,0.7996369696969696,0.7036051515151516,0.3479431313131313,0.10270878787878787
12-01-2025-main-x86_64-el9-gcc13-opt-phase2_recoonly_actsfasttracking-RAWtoALL,spot-mon-phase2_recoonly_actsfasttracking,2025-01-12 21:01:00,0.8115507070707071,0.805428686868687,0.5964638383838384,0.35701252525252525,0.1145021212121212
12-02-2025-main-x86_64-el9-gcc13-opt-phase2_recoonly_actsfasttracking-RAWtoALL,spot-mon-phase2_recoonly_actsfasttracking,2025-02-12 21:01:00,0.8393730303030302,0.8007416161616162,0.5888068686868687,0.3505149494949495,0.11004171717171717
12-03-2025-main-x86_64-el9-gcc13-opt-phase2_recoonly_actsfasttracking-RAWtoALL,spot-mon-phase2_recoonly_actsfasttracking,2025-03-12 21:01:00,0.8388839393939393,0.7923525252525252,0.419030505050505,0.3295946464646464,0.10406515151515151
12-04-2025-main-x86_64-el9-gcc13-opt-phase2_recoonly_actsfasttracking-RAWtoALL,spot-mon-phase2_recoonly_actsfasttracking,2025-04-12 21:01:00,0.7554417171717172,0.7897640404040404,0.41724828282828286,0.3280765656565656,0.1051508080808081
12-07-2024-main-x86_64-el9-gcc13-opt-phase2_recoonly_actsfasttracking-RAWtoALL,spot-mon-phase2_recoonly_actsfasttracking,2024-07-12 21:01:00,0.9245640404040404,0.7814955555555555,0.7114315151515151,0.33477717171717175,0.10062818181818181
12-08-2024-main-x86_64-el9-gcc13-opt-phase2_recoonly_actsfasttracking-RAWtoALL,spot-mon-phase2_recoonly_actsfasttracking,2024-08-12 21:01:00,0.9149341414141414,0.776660202020202,0.745049797979798,0.35438828282828283,0.09449030303030304
12-09-2024-main-x86_64-el9-gcc13-opt-phase2_recoonly_actsfasttracking-RAWtoALL,spot-mon-phase2_recoonly_actsfasttracking,2024-09-12 21:01:00,0.8003920202020202,0.770279797979798,0.7049665656565657,0.3594776767676768,0.0980429292929293
12-10-2024-main-x86_64-el9-gcc13-opt-phase2_recoonly_actsfasttracking-RAWtoALL,spot-mon-phase2_recoonly_actsfasttracking,2024-10-12 21:01:00,0.7413483838383839,0.8244817171717171,0.698888484848485,0.36509292929292925,0.09776282828282828
12-11-2024-main-x86_64-el9-gcc13-opt-phase2_recoonly_actsfasttracking-RAWtoALL,spot-mon-phase2_recoonly_actsfasttracking,2024-11-12 21:01:00,0.7612638383838383,0.8011398989898991,0.7146258585858587,0.3822674747474748,0.1031
12-12-2024-main-x86_64-el9-gcc13-opt-phase2_recoonly_actsfasttracking-RAWtoALL,spot-mon-phase2_recoonly_actsfasttracking,2024-12-12 21:01:00,0.8040877777777778,0.8020547474747475,0.7022741414141414,0.3506846464646464,0.10099666666666668
13-01-2025-main-x86_64-el9-gcc13-opt-phase2_recoonly_actsfasttracking-RAWtoALL,spot-mon-phase2_recoonly_actsfasttracking,2025-01-13 21:01:00,0.8310117171717172,0.8036332323232324,0.6102770707070707,0.3538718181818182,0.11348181818181818
13-02-2025-main-x86_64-el9-gcc13-opt-phase2_recoonly_actsfasttracking-RAWtoALL,spot-mon-phase2_recoonly_actsfasttracking,2025-02-13 21:01:00,0.8378729292929293,0.8009649494949495,0.5834420202020203,0.3542810101010101,0.11110020202020202
13-03-2025-main-x86_64-el9-gcc13-opt-phase2_recoonly_actsfasttracking-RAWtoALL,spot-mon-phase2_recoonly_actsfasttracking,2025-03-13 21:01:00,0.786028888888889,0.7963977777777779,0.42979313131313124,0.3325327272727272,0.1018490909090909
13-04-2025-main-x86_64-el9-gcc13-opt-phase2_recoonly_actsfasttracking-RAWtoALL,spot-mon-phase2_recoonly_actsfasttracking,2025-04-13 21:01:00,0.7539338383838383,0.7970816161616161,0.419459898989899,0.3349465656565656,0.10533262626262627
13-07-2024-main-x86_64-el9-gcc13-opt-phase2_recoonly_actsfasttracking-RAWtoALL,spot-mon-phase2_recoonly_actsfasttracking,2024-07-13 21:01:00,0.9256417171717172,0.7775163636363637,0.7233337373737374,0.33507424242424244,0.10003575757575758
13-08-2024-main-x86_64-el9-gcc13-opt-phase2_recoonly_actsfasttracking-RAWtoALL,spot-mon-phase2_recoonly_actsfasttracking,2024-08-13 21:01:00,0.9204432323232323,0.7733666666666666,0.7101344444444444,0.3535240404040404,0.09690070707070708
13-09-2024-main-x86_64-el9-gcc13-opt-phase2_recoonly_actsfasttracking-RAWtoALL,spot-mon-phase2_recoonly_actsfasttracking,2024-09-13 21:01:00,0.7905643434343433,0.7702520202020201,0.7161376767676768,0.35982545454545456,0.09656060606060606
13-10-2024-main-x86_64-el9-gcc13-opt-phase2_recoonly_actsfasttracking-RAWtoALL,spot-mon-phase2_recoonly_actsfasttracking,2024-10-13 21:01:00,0.757229191919192,0.8249323232323232,0.7139446464646465,0.36306242424242424,0.10385212121212123
13-11-2024-main-x86_64-el9-gcc13-opt-phase2_recoonly_actsfasttracking-RAWtoALL,spot-mon-phase2_recoonly_actsfasttracking,2024-11-13 21:01:00,0.7564209090909091,0.8022911111111112,0.705388787878788,0.3844928282828283,0.10284252525252525
13-12-2024-main-x86_64-el9-gcc13-opt-phase2_recoonly_actsfasttracking-RAWtoALL,spot-mon-phase2_recoonly_actsfasttracking,2024-12-13 21:01:00,0.8441371717171717,0.8020949494949494,0.752140404040404,0.35116101010101014,0.10049919191919192
14-01-2025-main-x86_64-el9-gcc13-opt-phase2_recoonly_actsfasttracking-RAWtoALL,spot-mon-phase2_recoonly_actsfasttracking,2025-01-14 21:01:00,0.8222868686868686,0.7971671717171718,0.5860142424242425,0.3492315151515152,0.11120464646464646
14-03-2025-main-x86_64-el9-gcc13-opt-phase2_recoonly_actsfasttracking-RAWtoALL,spot-mon-phase2_recoonly_actsfasttracking,2025-03-14 21:01:00,0.7866744444444445,0.7910412121212121,0.42843313131313127,0.32866252525252526,0.10273696969696969
14-07-2024-main-x86_64-el9-gcc13-opt-phase2_recoonly_actsfasttracking-RAWtoALL,spot-mon-phase2_recoonly_actsfasttracking,2024-07-14 21:01:00,0.9223212121212122,0.7802967676767677,0.712319494949495,0.3354024242424242,0.09945666666666667
14-08-2024-main-x86_64-el9-gcc13-opt-phase2_recoonly_actsfasttracking-RAWtoALL,spot-mon-phase2_recoonly_actsfasttracking,2024-08-14 21:01:00,0.911599191919192,0.7742928282828284,0.7215545454545454,0.34853060606060604,0.09600515151515152
14-09-2024-main-x86_64-el9-gcc13-opt-phase2_recoonly_actsfasttracking-RAWtoALL,spot-mon-phase2_recoonly_actsfasttracking,2024-09-14 21:01:00,0.7948370707070707,0.7742675757575758,0.7079457575757576,0.3691188888888889,0.09633383838383837
14-10-2024-main-x86_64-el9-gcc13-opt-phase2_recoonly_actsfasttracking-RAWtoALL,spot-mon-phase2_recoonly_actsfasttracking,2024-10-14 21:01:00,0.7559374747474747,0.8259211111111112,0.7072159595959596,0.36485464646464644,0.10179050505050506
14-11-2024-main-x86_64-el9-gcc13-opt-phase2_recoonly_actsfasttracking-RAWtoALL,spot-mon-phase2_recoonly_actsfasttracking,2024-11-14 21:01:00,0.7951079797979799,0.8001278787878788,0.6996358585858585,0.38307636363636366,0.10303626262626263
14-12-2024-main-x86_64-el9-gcc13-opt-phase2_recoonly_actsfasttracking-RAWtoALL,spot-mon-phase2_recoonly_actsfasttracking,2024-12-14 21:01:00,0.816068888888889,0.8055472727272727,0.7128758585858587,0.351260303030303,0.1014120202020202
15-01-2025-main-x86_64-el9-gcc13-opt-phase2_recoonly_actsfasttracking-RAWtoALL,spot-mon-phase2_recoonly_actsfasttracking,2025-01-15 21:01:00,0.8273057575757576,0.8037938383838383,0.5906420202020202,0.3569313131313131,0.11386555555555557
15-02-2025-main-x86_64-el9-gcc13-opt-phase2_recoonly_actsfasttracking-RAWtoALL,spot-mon-phase2_recoonly_actsfasttracking,2025-02-15 21:01:00,0.769040606060606,0.8088749494949495,0.5926223232323232,0.35781252525252527,0.10163282828282828
15-03-2025-main-x86_64-el9-gcc13-opt-phase2_recoonly_actsfasttracking-RAWtoALL,spot-mon-phase2_recoonly_actsfasttracking,2025-03-15 21:01:00,0.790008282828283,0.7985868686868688,0.4198489898989899,0.3332679797979798,0.1026260606060606
15-04-2025-main-x86_64-el9-gcc13-opt-phase2_recoonly_actsfasttracking-RAWtoALL,spot-mon-phase2_recoonly_actsfasttracking,2025-04-15 21:01:00,0.7446878787878789,0.7857044444444444,0.4139175757575757,0.32632626262626263,0.10364828282828283
15-07-2024-main-x86_64-el9-gcc13-opt-phase2_recoonly_actsfasttracking-RAWtoALL,spot-mon-phase2_recoonly_actsfasttracking,2024-07-15 21:01:00,0.9178741414141415,0.7799903030303029,0.7084287878787879,0.3391704040404041,0.1021740404040404
15-08-2024-main-x86_64-el9-gcc13-opt-phase2_recoonly_actsfasttracking-RAWtoALL,spot-mon-phase2_recoonly_actsfasttracking,2024-08-15 21:01:00,0.9245804040404041,0.773889696969697,0.7486239393939395,0.35106424242424245,0.09451181818181817
15-09-2024-main-x86_64-el9-gcc13-opt-phase2_recoonly_actsfasttracking-RAWtoALL,spot-mon-phase2_recoonly_actsfasttracking,2024-09-15 21:01:00,0.7829058585858585,0.7715855555555556,0.7018386868686868,0.3668331313131314,0.09331848484848486
15-10-2024-main-x86_64-el9-gcc13-opt-phase2_recoonly_actsfasttracking-RAWtoALL,spot-mon-phase2_recoonly_actsfasttracking,2024-10-15 21:01:00,0.744030101010101,0.8241647474747474,0.6993213131313132,0.38262555555555555,0.10372111111111111
15-11-2024-main-x86_64-el9-gcc13-opt-phase2_recoonly_actsfasttracking-RAWtoALL,spot-mon-phase2_recoonly_actsfasttracking,2024-11-15 21:01:00,0.8130739393939395,0.8050617171717172,0.7087887878787879,0.3861582828282828,0.10479929292929291
15-12-2024-main-x86_64-el9-gcc13-opt-phase2_recoonly_actsfasttracking-RAWtoALL,spot-mon-phase2_recoonly_actsfasttracking,2024-12-15 21:01:00,0.8110949494949495,0.803890707070707,0.7041980808080808,0.34818808080808084,0.10140010101010101
16-01-2025-main-x86_64-el9-gcc13-opt-phase2_recoonly_actsfasttracking-RAWtoALL,spot-mon-phase2_recoonly_actsfasttracking,2025-01-16 21:01:00,0.8884674747474748,0.8134452525252526,0.5932714141414142,0.3515515151515151,0.11287131313131313
16-02-2025-main-x86_64-el9-gcc13-opt-phase2_recoonly_actsfasttracking-RAWtoALL,spot-mon-phase2_recoonly_actsfasttracking,2025-02-16 21:01:00,0.7572952525252525,0.7964648484848484,0.5863617171717171,0.35253757575757577,0.0
16-03-2025-main-x86_64-el9-gcc13-opt-phase2_recoonly_actsfasttracking-RAWtoALL,spot-mon-phase2_recoonly_actsfasttracking,2025-03-16 21:01:00,0.7872822222222222,0.7889317171717172,0.42699828282828284,0.32665727272727274,0.10188232323232323
16-04-2025-main-x86_64-el9-gcc13-opt-phase2_recoonly_actsfasttracking-RAWtoALL,spot-mon-phase2_recoonly_actsfasttracking,2025-04-16 21:01:00,0.7558082828282829,0.7914131313131312,0.4174967676767677,0.327649595959596,0.10505343434343434
16-07-2024-main-x86_64-el9-gcc13-opt-phase2_recoonly_actsfasttracking-RAWtoALL,spot-mon-phase2_recoonly_actsfasttracking,2024-07-16 21:01:00,0.9106675757575756,0.7812334343434344,0.7146284848484848,0.33720646464646464,0.09887050505050506
16-08-2024-main-x86_64-el9-gcc13-opt-phase2_recoonly_actsfasttracking-RAWtoALL,spot-mon-phase2_recoonly_actsfasttracking,2024-08-16 21:01:00,0.9207763636363636,0.7722064646464647,0.7009788888888889,0.3529553535353535,0.09566666666666666
16-09-2024-main-x86_64-el9-gcc13-opt-phase2_recoonly_actsfasttracking-RAWtoALL,spot-mon-phase2_recoonly_actsfasttracking,2024-09-16 21:01:00,0.7942017171717172,0.7432788888888888,0.7128579797979798,0.3635013131313131,0.09419494949494948
16-10-2024-main-x86_64-el9-gcc13-opt-phase2_recoonly_actsfasttracking-RAWtoALL,spot-mon-phase2_recoonly_actsfasttracking,2024-10-16 21:01:00,0.7525351515151515,0.8202079797979797,0.7026335353535353,0.3815184848484849,0.09984222222222221
16-11-2024-main-x86_64-el9-gcc13-opt-phase2_recoonly_actsfasttracking-RAWtoALL,spot-mon-phase2_recoonly_actsfasttracking,2024-11-16 21:01:00,0.8173459595959596,0.8065646464646464,0.7257225252525252,0.38649828282828286,0.1035119191919192
16-12-2024-main-x86_64-el9-gcc13-opt-phase2_recoonly_actsfasttracking-RAWtoALL,spot-mon-phase2_recoonly_actsfasttracking,2024-12-16 21:01:00,0.8224549494949495,0.8075329292929292,0.7141863636363636,0.3530805050505051,0.10134323232323232
17-01-2025-main-x86_64-el9-gcc13-opt-phase2_recoonly_actsfasttracking-RAWtoALL,spot-mon-phase2_recoonly_actsfasttracking,2025-01-17 21:01:00,0.8401077777777778,0.8132204040404041,0.5859161616161616,0.35588060606060606,0.11210959595959596
17-02-2025-main-x86_64-el9-gcc13-opt-phase2_recoonly_actsfasttracking-RAWtoALL,spot-mon-phase2_recoonly_actsfasttracking,2025-02-17 21:01:00,0.7728751515151515,0.7993724242424242,0.594700606060606,0.33455787878787885,0.0
17-03-2025-main-x86_64-el9-gcc13-opt-phase2_recoonly_actsfasttracking-RAWtoALL,spot-mon-phase2_recoonly_actsfasttracking,2025-03-17 21:01:00,0.7844246464646465,0.7972158585858585,0.41998010101010097,0.3316339393939394,0.10653636363636364
17-04-2025-main-x86_64-el9-gcc13-opt-phase2_recoonly_actsfasttracking-RAWtoALL,spot-mon-phase2_recoonly_actsfasttracking,2025-04-17 21:01:00,0.7452753535353535,0.7897455555555556,0.41628454545454546,0.32689101010101007,0.10324545454545454
17-07-2024-main-x86_64-el9-gcc13-opt-phase2_recoonly_actsfasttracking-RAWtoALL,spot-mon-phase2_recoonly_actsfasttracking,2024-07-17 21:01:00,0.911250909090909,0.7762436363636364,0.7131016161616162,0.3328967676767677,0.09813434343434342
17-08-2024-main-x86_64-el9-gcc13-opt-phase2_recoonly_actsfasttracking-RAWtoALL,spot-mon-phase2_recoonly_actsfasttracking,2024-08-17 21:01:00,0.9184501010101009,0.7747938383838383,0.7006792929292929,0.35217989898989893,0.09452484848484848
17-09-2024-main-x86_64-el9-gcc13-opt-phase2_recoonly_actsfasttracking-RAWtoALL,spot-mon-phase2_recoonly_actsfasttracking,2024-09-17 21:01:00,0.7989631313131313,0.7746780808080809,0.7065569696969697,0.36274878787878784,0.09513434343434342
17-10-2024-main-x86_64-el9-gcc13-opt-phase2_recoonly_actsfasttracking-RAWtoALL,spot-mon-phase2_recoonly_actsfasttracking,2024-10-17 21:01:00,0.7648028282828283,0.8270858585858586,0.6949545454545455,0.3830182828282828,0.09708343434343435
17-11-2024-main-x86_64-el9-gcc13-opt-phase2_recoonly_actsfasttracking-RAWtoALL,spot-mon-phase2_recoonly_actsfasttracking,2024-11-17 21:01:00,0.7949015151515152,0.8011253535353536,0.7071874747474748,0.3860687878787879,0.10174323232323233
17-12-2024-main-x86_64-el9-gcc13-opt-phase2_recoonly_actsfasttracking-RAWtoALL,spot-mon-phase2_recoonly_actsfasttracking,2024-12-17 21:01:00,0.8096562626262626,0.8022638383838384,0.7158734343434343,0.34995494949494954,0.10058686868686868
18-01-2025-main-x86_64-el9-gcc13-opt-phase2_recoonly_actsfasttracking-RAWtoALL,spot-mon-phase2_recoonly_actsfasttracking,2025-01-18 21:01:00,0.8273820202020202,0.8142783838383838,0.6026124242424242,0.3550436363636364,0.11070424242424241
18-02-2025-main-x86_64-el9-gcc13-opt-phase2_recoonly_actsfasttracking-RAWtoALL,spot-mon-phase2_recoonly_actsfasttracking,2025-02-18 21:01:00,0.7742354545454545,0.7986215151515151,0.5772251515151515,0.33284444444444444,0.0
18-03-2025-main-x86_64-el9-gcc13-opt-phase2_recoonly_actsfasttracking-RAWtoALL,spot-mon-phase2_recoonly_actsfasttracking,2025-03-18 21:01:00,0.7568369696969698,0.7939705050505051,0.4364035353535353,0.3301569696969697,0.10705909090909091
18-04-2025-main-x86_64-el9-gcc13-opt-phase2_recoonly_actsfasttracking-RAWtoALL,spot-mon-phase2_recoonly_actsfasttracking,2025-04-18 21:01:00,0.7650820202020201,0.7961330303030304,0.423570303030303,0.3324567676767677,0.1062629292929293
18-07-2024-main-x86_64-el9-gcc13-opt-phase2_recoonly_actsfasttracking-RAWtoALL,spot-mon-phase2_recoonly_actsfasttracking,2024-07-18 21:01:00,0.9128790909090908,0.782509494949495,0.7329072727272727,0.3361720202020202,0.10054767676767676
18-08-2024-main-x86_64-el9-gcc13-opt-phase2_recoonly_actsfasttracking-RAWtoALL,spot-mon-phase2_recoonly_actsfasttracking,2024-08-18 21:01:00,0.9235347474747475,0.7752581818181817,0.7041757575757575,0.35660909090909093,0.09621030303030303
18-09-2024-main-x86_64-el9-gcc13-opt-phase2_recoonly_actsfasttracking-RAWtoALL,spot-mon-phase2_recoonly_actsfasttracking,2024-09-18 21:01:00,0.7959246464646464,0.7742518181818181,0.702571111111111,0.3624067676767676,0.09732969696969695
18-10-2024-main-x86_64-el9-gcc13-opt-phase2_recoonly_actsfasttracking-RAWtoALL,spot-mon-phase2_recoonly_actsfasttracking,2024-10-18 21:01:00,0.734859797979798,0.826428888888889,0.7054369696969696,0.38330787878787886,0.1044630303030303
18-11-2024-main-x86_64-el9-gcc13-opt-phase2_recoonly_actsfasttracking-RAWtoALL,spot-mon-phase2_recoonly_actsfasttracking,2024-11-18 21:01:00,0.8026055555555556,0.8058877777777778,0.7250617171717172,0.3824249494949495,0.10426666666666666
18-12-2024-main-x86_64-el9-gcc13-opt-phase2_recoonly_actsfasttracking-RAWtoALL,spot-mon-phase2_recoonly_actsfasttracking,2024-12-18 21:01:00,0.8053281818181819,0.8105943434343434,0.713291313131313,0.35021313131313125,0.10129626262626264
19-01-2025-main-x86_64-el9-gcc13-opt-phase2_recoonly_actsfasttracking-RAWtoALL,spot-mon-phase2_recoonly_actsfasttracking,2025-01-19 21:01:00,0.8197376767676768,0.8015977777777776,0.6021122222222223,0.34994868686868685,0.10988232323232325
19-02-2025-main-x86_64-el9-gcc13-opt-phase2_recoonly_actsfasttracking-RAWtoALL,spot-mon-phase2_recoonly_actsfasttracking,2025-02-19 21:01:00,0.75928898989899,0.7867617171717172,0.5130622222222222,0.33531151515151514,0.0
19-03-2025-main-x86_64-el9-gcc13-opt-phase2_recoonly_actsfasttracking-RAWtoALL,spot-mon-phase2_recoonly_actsfasttracking,2025-03-19 21:01:00,0.0,0.0,0.0,0.0,0.0
19-04-2025-main-x86_64-el9-gcc13-opt-phase2_recoonly_actsfasttracking-RAWtoALL,spot-mon-phase2_recoonly_actsfasttracking,2025-04-19 21:01:00,0.7523097979797979,0.7882054545454544,0.41742919191919187,0.32741929292929295,0.10443686868686869
19-07-2024-main-x86_64-el9-gcc13-opt-phase2_recoonly_actsfasttracking-RAWtoALL,spot-mon-phase2_recoonly_actsfasttracking,2024-07-19 21:01:00,0.9063976767676767,0.7776951515151516,0.7072327272727271,0.3391784848484848,0.09877454545454545
19-08-2024-main-x86_64-el9-gcc13-opt-phase2_recoonly_actsfasttracking-RAWtoALL,spot-mon-phase2_recoonly_actsfasttracking,2024-08-19 21:01:00,0.9188538383838385,0.7714799999999999,0.6991984848484848,0.3525524242424242,0.0951589898989899
19-09-2024-main-x86_64-el9-gcc13-opt-phase2_recoonly_actsfasttracking-RAWtoALL,spot-mon-phase2_recoonly_actsfasttracking,2024-09-19 21:01:00,0.8049644444444445,0.772390707070707,0.7138775757575758,0.3588036363636364,0.0952419191919192
19-10-2024-main-x86_64-el9-gcc13-opt-phase2_recoonly_actsfasttracking-RAWtoALL,spot-mon-phase2_recoonly_actsfasttracking,2024-10-19 21:01:00,0.7330419191919191,0.8278496969696969,0.7024574747474748,0.38194777777777783,0.1019110101010101
19-11-2024-main-x86_64-el9-gcc13-opt-phase2_recoonly_actsfasttracking-RAWtoALL,spot-mon-phase2_recoonly_actsfasttracking,2024-11-19 21:01:00,0.8055729292929293,0.8072316161616161,0.7092139393939393,0.38334141414141415,0.10232111111111113
19-12-2024-main-x86_64-el9-gcc13-opt-phase2_recoonly_actsfasttracking-RAWtoALL,spot-mon-phase2_recoonly_actsfasttracking,2024-12-19 21:01:00,0.8412969696969697,0.8026657575757575,0.7227486868686869,0.3456020202020202,0.1001188888888889
20-01-2025-main-x86_64-el9-gcc13-opt-phase2_recoonly_actsfasttracking-RAWtoALL,spot-mon-phase2_recoonly_actsfasttracking,2025-01-20 21:01:00,0.8356960606060607,0.805581212121212,0.5857764646464647,0.3535117171717172,0.11249616161616163
20-02-2025-main-x86_64-el9-gcc13-opt-phase2_recoonly_actsfasttracking-RAWtoALL,spot-mon-phase2_recoonly_actsfasttracking,2025-02-20 21:01:00,0.76345898989899,0.793330606060606,0.5345677777777778,0.3411455555555556,0.0
20-03-2025-main-x86_64-el9-gcc13-opt-phase2_recoonly_actsfasttracking-RAWtoALL,spot-mon-phase2_recoonly_actsfasttracking,2025-03-20 21:01:00,0.7623650505050505,0.7900819191919192,0.4157859595959596,0.3291540404040404,0.10563171717171718
20-04-2025-main-x86_64-el9-gcc13-opt-phase2_recoonly_actsfasttracking-RAWtoALL,spot-mon-phase2_recoonly_actsfasttracking,2025-04-20 21:01:00,0.7580831313131313,0.7917263636363636,0.41577494949494953,0.32869161616161613,0.10501393939393938
20-07-2024-main-x86_64-el9-gcc13-opt-phase2_recoonly_actsfasttracking-RAWtoALL,spot-mon-phase2_recoonly_actsfasttracking,2024-07-20 21:01:00,0.9099751515151514,0.780640707070707,0.7241091919191919,0.33833434343434343,0.10106323232323232
20-08-2024-main-x86_64-el9-gcc13-opt-phase2_recoonly_actsfasttracking-RAWtoALL,spot-mon-phase2_recoonly_actsfasttracking,2024-08-20 21:01:00,0.9173958585858587,0.7822673737373737,0.7051133333333333,0.35204696969696975,0.09415737373737373
20-09-2024-main-x86_64-el9-gcc13-opt-phase2_recoonly_actsfasttracking-RAWtoALL,spot-mon-phase2_recoonly_actsfasttracking,2024-09-20 21:01:00,0.8022630303030303,0.7750993939393939,0.7046545454545455,0.36251464646464643,0.097540101010101
20-10-2024-main-x86_64-el9-gcc13-opt-phase2_recoonly_actsfasttracking-RAWtoALL,spot-mon-phase2_recoonly_actsfasttracking,2024-10-20 21:01:00,0.7299962626262627,0.8277672727272727,0.6995466666666665,0.37981393939393937,0.1008838383838384
20-11-2024-main-x86_64-el9-gcc13-opt-phase2_recoonly_actsfasttracking-RAWtoALL,spot-mon-phase2_recoonly_actsfasttracking,2024-11-20 21:01:00,0.8153294949494949,0.8034619191919191,0.7031621212121212,0.38226777777777776,0.10293070707070706
20-12-2024-main-x86_64-el9-gcc13-opt-phase2_recoonly_actsfasttracking-RAWtoALL,spot-mon-phase2_recoonly_actsfasttracking,2024-12-20 21:01:00,0.8338931313131313,0.8082435353535353,0.7532113131313132,0.3506733333333334,0.10000252525252525
21-01-2025-main-x86_64-el9-gcc13-opt-phase2_recoonly_actsfasttracking-RAWtoALL,spot-mon-phase2_recoonly_actsfasttracking,2025-01-21 21:01:00,0.8346186868686869,0.8117600000000001,0.6003192929292929,0.35795484848484843,0.11122979797979797
21-02-2025-main-x86_64-el9-gcc13-opt-phase2_recoonly_actsfasttracking-RAWtoALL,spot-mon-phase2_recoonly_actsfasttracking,2025-02-21 21:01:00,0.7711345454545455,0.7872850505050505,0.5226651515151516,0.3362121212121212,0.0
21-03-2025-main-x86_64-el9-gcc13-opt-phase2_recoonly_actsfasttracking-RAWtoALL,spot-mon-phase2_recoonly_actsfasttracking,2025-03-21 21:01:00,0.7655031313131312,0.7886032323232323,0.4253862626262626,0.3336054545454546,0.10514262626262627
21-04-2025-main-x86_64-el9-gcc13-opt-phase2_recoonly_actsfasttracking-RAWtoALL,spot-mon-phase2_recoonly_actsfasttracking,2025-04-21 21:01:00,0.7572435353535354,0.7964031313131313,0.4204234343434343,0.3306028282828283,0.10512030303030302
21-07-2024-main-x86_64-el9-gcc13-opt-phase2_recoonly_actsfasttracking-RAWtoALL,spot-mon-phase2_recoonly_actsfasttracking,2024-07-21 21:01:00,0.9134480808080808,0.7748776767676768,0.7437822222222222,0.3397535353535353,0.09726959595959596
21-08-2024-main-x86_64-el9-gcc13-opt-phase2_recoonly_actsfasttracking-RAWtoALL,spot-mon-phase2_recoonly_actsfasttracking,2024-08-21 21:01:00,0.9278493939393939,0.7737019191919192,0.7117928282828284,0.35486464646464644,0.09539343434343435
21-09-2024-main-x86_64-el9-gcc13-opt-phase2_recoonly_actsfasttracking-RAWtoALL,spot-mon-phase2_recoonly_actsfasttracking,2024-09-21 21:01:00,0.801580303030303,0.770829393939394,0.7076482828282827,0.35507878787878794,0.0945350505050505
21-10-2024-main-x86_64-el9-gcc13-opt-phase2_recoonly_actsfasttracking-RAWtoALL,spot-mon-phase2_recoonly_actsfasttracking,2024-10-21 21:01:00,0.7062478787878788,0.8234214141414141,0.693350404040404,0.37846060606060605,0.09810404040404039
21-11-2024-main-x86_64-el9-gcc13-opt-phase2_recoonly_actsfasttracking-RAWtoALL,spot-mon-phase2_recoonly_actsfasttracking,2024-11-21 21:01:00,0.7981124242424242,0.8058566666666667,0.7113371717171718,0.37779202020202024,0.10165444444444445
21-12-2024-main-x86_64-el9-gcc13-opt-phase2_recoonly_actsfasttracking-RAWtoALL,spot-mon-phase2_recoonly_actsfasttracking,2024-12-21 21:01:00,0.8328075757575757,0.8059580808080808,0.7244300000000001,0.349909797979798,0.10115939393939394
22-01-2025-main-x86_64-el9-gcc13-opt-phase2_recoonly_actsfasttracking-RAWtoALL,spot-mon-phase2_recoonly_actsfasttracking,2025-01-22 21:01:00,0.8969102020202021,0.8048625252525252,0.6034792929292929,0.3564647474747475,0.11494020202020203
22-02-2025-main-x86_64-el9-gcc13-opt-phase2_recoonly_actsfasttracking-RAWtoALL,spot-mon-phase2_recoonly_actsfasttracking,2025-02-22 21:01:00,0.7668535353535353,0.7845470707070709,0.5205181818181819,0.33537767676767677,0.0
22-03-2025-main-x86_64-el9-gcc13-opt-phase2_recoonly_actsfasttracking-RAWtoALL,spot-mon-phase2_recoonly_actsfasttracking,2025-03-22 21:01:00,0.7547884848484848,0.7869025252525252,0.43100282828282827,0.3282050505050505,0.10491696969696969
22-04-2025-main-x86_64-el9-gcc13-opt-phase2_recoonly_actsfasttracking-RAWtoALL,spot-mon-phase2_recoonly_actsfasttracking,2025-04-22 21:01:00,0.76856,0.8054322222222221,0.41953727272727276,0.33465303030303034,0.10634272727272727
22-07-2024-main-x86_64-el9-gcc13-opt-phase2_recoonly_actsfasttracking-RAWtoALL,spot-mon-phase2_recoonly_actsfasttracking,2024-07-22 21:01:00,0.9196763636363636,0.7738861616161615,0.722870101010101,0.340140101010101,0.09614131313131312
22-08-2024-main-x86_64-el9-gcc13-opt-phase2_recoonly_actsfasttracking-RAWtoALL,spot-mon-phase2_recoonly_actsfasttracking,2024-08-22 21:01:00,0.9249849494949495,0.7731145454545454,0.7009144444444444,0.3632024242424242,0.09577727272727274
22-09-2024-main-x86_64-el9-gcc13-opt-phase2_recoonly_actsfasttracking-RAWtoALL,spot-mon-phase2_recoonly_actsfasttracking,2024-09-22 21:01:00,0.7992449494949494,0.7743063636363636,0.6998353535353535,0.35964282828282823,0.09499848484848485
22-10-2024-main-x86_64-el9-gcc13-opt-phase2_recoonly_actsfasttracking-RAWtoALL,spot-mon-phase2_recoonly_actsfasttracking,2024-10-22 21:01:00,0.7335133333333335,0.8298122222222222,0.7005434343434344,0.3800160606060606,0.10112373737373738
22-11-2024-main-x86_64-el9-gcc13-opt-phase2_recoonly_actsfasttracking-RAWtoALL,spot-mon-phase2_recoonly_actsfasttracking,2024-11-22 21:01:00,0.8012070707070708,0.8082195959595959,0.7098358585858586,0.36081040404040404,0.10472858585858585
22-12-2024-main-x86_64-el9-gcc13-opt-phase2_recoonly_actsfasttracking-RAWtoALL,spot-mon-phase2_recoonly_actsfasttracking,2024-12-22 21:01:00,0.8383270707070708,0.8081422222222222,0.740329494949495,0.35356101010101015,0.10046585858585859
23-01-2025-main-x86_64-el9-gcc13-opt-phase2_recoonly_actsfasttracking-RAWtoALL,spot-mon-phase2_recoonly_actsfasttracking,2025-01-23 21:01:00,0.8868367676767677,0.8055655555555555,0.5815413131313131,0.3528518181818182,0.11333707070707072
23-02-2025-main-x86_64-el9-gcc13-opt-phase2_recoonly_actsfasttracking-RAWtoALL,spot-mon-phase2_recoonly_actsfasttracking,2025-02-23 21:01:00,0.7630789898989899,0.784359696969697,0.5129529292929292,0.3370847474747475,0.0
23-03-2025-main-x86_64-el9-gcc13-opt-phase2_recoonly_actsfasttracking-RAWtoALL,spot-mon-phase2_recoonly_actsfasttracking,2025-03-23 21:01:00,0.7549022222222223,0.7842041414141415,0.4153079797979798,0.32653929292929296,0.10485545454545456
23-04-2025-main-x86_64-el9-gcc13-opt-phase2_recoonly_actsfasttracking-RAWtoALL,spot-mon-phase2_recoonly_actsfasttracking,2025-04-23 21:01:00,0.7394640404040405,0.7984166666666667,0.40195282828282836,0.3258391919191919,0.10358141414141414
23-07-2024-main-x86_64-el9-gcc13-opt-phase2_recoonly_actsfasttracking-RAWtoALL,spot-mon-phase2_recoonly_actsfasttracking,2024-07-23 21:01:00,0.9209620202020202,0.7727462626262627,0.7080274747474747,0.33956202020202014,0.09664222222222221
23-08-2024-main-x86_64-el9-gcc13-opt-phase2_recoonly_actsfasttracking-RAWtoALL,spot-mon-phase2_recoonly_actsfasttracking,2024-08-23 21:01:00,0.8867750505050505,0.7707418181818183,0.745418787878788,0.3619948484848484,0.09516272727272727
23-09-2024-main-x86_64-el9-gcc13-opt-phase2_recoonly_actsfasttracking-RAWtoALL,spot-mon-phase2_recoonly_actsfasttracking,2024-09-23 21:01:00,0.7916392929292928,0.7714018181818182,0.7019859595959597,0.3589044444444444,0.09370808080808081
23-10-2024-main-x86_64-el9-gcc13-opt-phase2_recoonly_actsfasttracking-RAWtoALL,spot-mon-phase2_recoonly_actsfasttracking,2024-10-23 21:01:00,0.7143448484848485,0.8240941414141415,0.6992372727272728,0.37644888888888894,0.0987320202020202
23-11-2024-main-x86_64-el9-gcc13-opt-phase2_recoonly_actsfasttracking-RAWtoALL,spot-mon-phase2_recoonly_actsfasttracking,2024-11-23 21:01:00,0.8127831313131313,0.8000524242424243,0.6994265656565656,0.37764585858585864,0.10310444444444444
23-12-2024-main-x86_64-el9-gcc13-opt-phase2_recoonly_actsfasttracking-RAWtoALL,spot-mon-phase2_recoonly_actsfasttracking,2024-12-23 21:01:00,0.8281633333333333,0.8067886868686869,0.7202229292929293,0.35324696969696967,0.10140757575757577
24-01-2025-main-x86_64-el9-gcc13-opt-phase2_recoonly_actsfasttracking-RAWtoALL,spot-mon-phase2_recoonly_actsfasttracking,2025-01-24 21:01:00,0.8352884848484847,0.8040249494949495,0.5808049494949495,0.3544652525252525,0.11260595959595959
24-02-2025-main-x86_64-el9-gcc13-opt-phase2_recoonly_actsfasttracking-RAWtoALL,spot-mon-phase2_recoonly_actsfasttracking,2025-02-24 21:01:00,0.7669645454545455,0.7836170707070708,0.5126934343434344,0.3362240404040404,0.0
24-03-2025-main-x86_64-el9-gcc13-opt-phase2_recoonly_actsfasttracking-RAWtoALL,spot-mon-phase2_recoonly_actsfasttracking,2025-03-24 21:01:00,0.7564981818181818,0.786640101010101,0.4156667676767677,0.3279632323232324,0.10653858585858585
24-04-2025-main-x86_64-el9-gcc13-opt-phase2_recoonly_actsfasttracking-RAWtoALL,spot-mon-phase2_recoonly_actsfasttracking,2025-04-24 21:01:00,0.7482323232323232,0.7986236363636364,0.40798303030303035,0.329040202020202,0.10442929292929293
24-07-2024-main-x86_64-el9-gcc13-opt-phase2_recoonly_actsfasttracking-RAWtoALL,spot-mon-phase2_recoonly_actsfasttracking,2024-07-24 21:01:00,0.9208230303030303,0.775720101010101,0.7641646464646464,0.34018373737373736,0.09694828282828283
24-08-2024-main-x86_64-el9-gcc13-opt-phase2_recoonly_actsfasttracking-RAWtoALL,spot-mon-phase2_recoonly_actsfasttracking,2024-08-24 21:01:00,0.8908051515151516,0.7742835353535354,0.7118593939393939,0.3615675757575758,0.0956468686868687
24-09-2024-main-x86_64-el9-gcc13-opt-phase2_recoonly_actsfasttracking-RAWtoALL,spot-mon-phase2_recoonly_actsfasttracking,2024-09-24 21:01:00,0.794578787878788,0.7739651515151516,0.7445527272727273,0.35996171717171715,0.09668656565656564
24-10-2024-main-x86_64-el9-gcc13-opt-phase2_recoonly_actsfasttracking-RAWtoALL,spot-mon-phase2_recoonly_actsfasttracking,2024-10-24 21:01:00,0.7130418181818181,0.8182881818181819,0.7011778787878788,0.3745095959595959,0.09704878787878787
24-11-2024-main-x86_64-el9-gcc13-opt-phase2_recoonly_actsfasttracking-RAWtoALL,spot-mon-phase2_recoonly_actsfasttracking,2024-11-24 21:01:00,0.8078294949494949,0.8057312121212122,0.7056587878787879,0.38087414141414144,0.10221131313131313
24-12-2024-main-x86_64-el9-gcc13-opt-phase2_recoonly_actsfasttracking-RAWtoALL,spot-mon-phase2_recoonly_actsfasttracking,2024-12-24 21:01:00,0.8165949494949495,0.8017127272727272,0.7082948484848485,0.35110111111111114,0.1018218181818182
25-01-2025-main-x86_64-el9-gcc13-opt-phase2_recoonly_actsfasttracking-RAWtoALL,spot-mon-phase2_recoonly_actsfasttracking,2025-01-25 21:01:00,0.840320808080808,0.8058608080808081,0.593250303030303,0.3539448484848485,0.11352080808080808
25-02-2025-main-x86_64-el9-gcc13-opt-phase2_recoonly_actsfasttracking-RAWtoALL,spot-mon-phase2_recoonly_actsfasttracking,2025-02-25 21:01:00,0.7672051515151516,0.7928729292929293,0.5167027272727273,0.3400270707070707,0.0908740404040404
25-03-2025-main-x86_64-el9-gcc13-opt-phase2_recoonly_actsfasttracking-RAWtoALL,spot-mon-phase2_recoonly_actsfasttracking,2025-03-25 21:01:00,0.7572045454545455,0.7902987878787879,0.415930303030303,0.3281869696969697,0.10470858585858585
25-04-2025-main-x86_64-el9-gcc13-opt-phase2_recoonly_actsfasttracking-RAWtoALL,spot-mon-phase2_recoonly_actsfasttracking,2025-04-25 21:01:00,0.7484788888888889,0.8022219191919192,0.40369333333333335,0.3281678787878788,0.10524262626262626
25-07-2024-main-x86_64-el9-gcc13-opt-phase2_recoonly_actsfasttracking-RAWtoALL,spot-mon-phase2_recoonly_actsfasttracking,2024-07-25 21:01:00,0.9262439393939393,0.7758670707070707,0.7528193939393939,0.34119262626262625,0.09732141414141414
25-08-2024-main-x86_64-el9-gcc13-opt-phase2_recoonly_actsfasttracking-RAWtoALL,spot-mon-phase2_recoonly_actsfasttracking,2024-08-25 21:01:00,0.8843266666666666,0.7748027272727274,0.7064333333333332,0.36242939393939394,0.09725242424242425
25-09-2024-main-x86_64-el9-gcc13-opt-phase2_recoonly_actsfasttracking-RAWtoALL,spot-mon-phase2_recoonly_actsfasttracking,2024-09-25 21:01:00,0.7951345454545455,0.777740202020202,0.6961941414141414,0.35047757575757577,0.09698565656565657
25-10-2024-main-x86_64-el9-gcc13-opt-phase2_recoonly_actsfasttracking-RAWtoALL,spot-mon-phase2_recoonly_actsfasttracking,2024-10-25 21:01:00,0.7142915151515151,0.8255580808080808,0.7039550505050506,0.38238262626262626,0.09791767676767678
25-11-2024-main-x86_64-el9-gcc13-opt-phase2_recoonly_actsfasttracking-RAWtoALL,spot-mon-phase2_recoonly_actsfasttracking,2024-11-25 21:01:00,0.813010909090909,0.800970606060606,0.701071111111111,0.3496265656565657,0.1031230303030303
25-12-2024-main-x86_64-el9-gcc13-opt-phase2_recoonly_actsfasttracking-RAWtoALL,spot-mon-phase2_recoonly_actsfasttracking,2024-12-25 21:01:00,0.8088051515151516,0.7993247474747475,0.7220914141414141,0.34820646464646465,0.10030747474747476
26-01-2025-main-x86_64-el9-gcc13-opt-phase2_recoonly_actsfasttracking-RAWtoALL,spot-mon-phase2_recoonly_actsfasttracking,2025-01-26 21:01:00,0.8452484848484849,0.8058504040404041,0.5875308080808082,0.3557661616161616,0.11232989898989898
26-02-2025-main-x86_64-el9-gcc13-opt-phase2_recoonly_actsfasttracking-RAWtoALL,spot-mon-phase2_recoonly_actsfasttracking,2025-02-26 21:01:00,0.7557116161616162,0.7919505050505051,0.47478303030303026,0.3374067676767677,0.08920565656565657
26-03-2025-main-x86_64-el9-gcc13-opt-phase2_recoonly_actsfasttracking-RAWtoALL,spot-mon-phase2_recoonly_actsfasttracking,2025-03-26 21:01:00,0.755290101010101,0.7886185858585858,0.4171293939393939,0.32878959595959595,0.10426545454545455
26-04-2025-main-x86_64-el9-gcc13-opt-phase2_recoonly_actsfasttracking-RAWtoALL,spot-mon-phase2_recoonly_actsfasttracking,2025-04-26 21:01:00,0.7419942424242423,0.8064457575757576,0.40578494949494953,0.33488080808080806,0.10417787878787879
26-07-2024-main-x86_64-el9-gcc13-opt-phase2_recoonly_actsfasttracking-RAWtoALL,spot-mon-phase2_recoonly_actsfasttracking,2024-07-26 21:01:00,0.9152661616161616,0.7741580808080808,0.7226725252525252,0.3420537373737374,0.09564717171717171
26-08-2024-main-x86_64-el9-gcc13-opt-phase2_recoonly_actsfasttracking-RAWtoALL,spot-mon-phase2_recoonly_actsfasttracking,2024-08-26 21:01:00,0.8609223232323232,0.7717070707070707,0.7111874747474748,0.3574540404040404,0.09478757575757575
26-09-2024-main-x86_64-el9-gcc13-opt-phase2_recoonly_actsfasttracking-RAWtoALL,spot-mon-phase2_recoonly_actsfasttracking,2024-09-26 21:01:00,0.7897696969696969,0.7747761616161616,0.6976142424242424,0.3676521212121212,0.0973459595959596
26-11-2024-main-x86_64-el9-gcc13-opt-phase2_recoonly_actsfasttracking-RAWtoALL,spot-mon-phase2_recoonly_actsfasttracking,2024-11-26 21:01:00,0.8194540404040405,0.8022085858585859,0.7038991919191919,0.3510978787878788,0.10533444444444445
26-12-2024-main-x86_64-el9-gcc13-opt-phase2_recoonly_actsfasttracking-RAWtoALL,spot-mon-phase2_recoonly_actsfasttracking,2024-12-26 21:01:00,0.8087621212121211,0.8006917171717172,0.7165821212121213,0.3495823232323233,0.10199919191919192
27-01-2025-main-x86_64-el9-gcc13-opt-phase2_recoonly_actsfasttracking-RAWtoALL,spot-mon-phase2_recoonly_actsfasttracking,2025-01-27 21:01:00,0.8449301010101011,0.806430202020202,0.5847988888888889,0.35317424242424245,0.11358565656565657
27-02-2025-main-x86_64-el9-gcc13-opt-phase2_recoonly_actsfasttracking-RAWtoALL,spot-mon-phase2_recoonly_actsfasttracking,2025-02-27 21:01:00,0.7551042424242426,0.7844111111111112,0.473099797979798,0.33280333333333334,0.08931656565656566
27-03-2025-main-x86_64-el9-gcc13-opt-phase2_recoonly_actsfasttracking-RAWtoALL,spot-mon-phase2_recoonly_actsfasttracking,2025-03-27 21:01:00,0.7637546464646465,0.7942165656565657,0.4209060606060606,0.3325270707070707,0.10493626262626263
27-04-2025-main-x86_64-el9-gcc13-opt-phase2_recoonly_actsfasttracking-RAWtoALL,spot-mon-phase2_recoonly_actsfasttracking,2025-04-27 21:01:00,0.7484668686868686,0.798518383838384,0.4016920202020202,0.3249016161616161,0.10368888888888889
27-07-2024-main-x86_64-el9-gcc13-opt-phase2_recoonly_actsfasttracking-RAWtoALL,spot-mon-phase2_recoonly_actsfasttracking,2024-07-27 21:01:00,0.9148195959595959,0.7730133333333334,0.7091692929292929,0.33917878787878786,0.09530070707070708
27-08-2024-main-x86_64-el9-gcc13-opt-phase2_recoonly_actsfasttracking-RAWtoALL,spot-mon-phase2_recoonly_actsfasttracking,2024-08-27 21:01:00,0.8683319191919192,0.7755030303030302,0.7185150505050506,0.3618864646464646,0.09504646464646466
27-09-2024-main-x86_64-el9-gcc13-opt-phase2_recoonly_actsfasttracking-RAWtoALL,spot-mon-phase2_recoonly_actsfasttracking,2024-09-27 21:01:00,0.7990554545454547,0.7782703030303031,0.7015730303030303,0.36645323232323235,0.10273878787878787
27-10-2024-main-x86_64-el9-gcc13-opt-phase2_recoonly_actsfasttracking-RAWtoALL,spot-mon-phase2_recoonly_actsfasttracking,2024-10-27 21:01:00,0.7179365656565657,0.8210569696969696,0.7063414141414142,0.3744460606060606,0.0980639393939394
27-11-2024-main-x86_64-el9-gcc13-opt-phase2_recoonly_actsfasttracking-RAWtoALL,spot-mon-phase2_recoonly_actsfasttracking,2024-11-27 21:01:00,0.8027256565656564,0.7996238383838383,0.7054952525252526,0.3523561616161616,0.10278050505050507
27-12-2024-main-x86_64-el9-gcc13-opt-phase2_recoonly_actsfasttracking-RAWtoALL,spot-mon-phase2_recoonly_actsfasttracking,2024-12-27 21:01:00,0.8548801010101011,0.8009450505050505,0.7073757575757575,0.3530384848484848,0.10230747474747476
28-01-2025-main-x86_64-el9-gcc13-opt-phase2_recoonly_actsfasttracking-RAWtoALL,spot-mon-phase2_recoonly_actsfasttracking,2025-01-28 21:01:00,0.8341989898989899,0.811071616161616,0.5817519191919192,0.35770131313131315,0.11569575757575758
28-02-2025-main-x86_64-el9-gcc13-opt-phase2_recoonly_actsfasttracking-RAWtoALL,spot-mon-phase2_recoonly_actsfasttracking,2025-02-28 21:01:00,0.7504457575757577,0.7891829292929292,0.41916898989898993,0.3389159595959596,0.08952252525252524
28-04-2025-main-x86_64-el9-gcc13-opt-phase2_recoonly_actsfasttracking-RAWtoALL,spot-mon-phase2_recoonly_actsfasttracking,2025-04-28 21:01:00,0.746829797979798,0.8038853535353535,0.4036179797979798,0.3275921212121212,0.10515797979797979
28-07-2024-main-x86_64-el9-gcc13-opt-phase2_recoonly_actsfasttracking-RAWtoALL,spot-mon-phase2_recoonly_actsfasttracking,2024-07-28 21:01:00,0.9098681818181817,0.7739435353535354,0.7641944444444444,0.33971131313131314,0.0958180808080808
28-08-2024-main-x86_64-el9-gcc13-opt-phase2_recoonly_actsfasttracking-RAWtoALL,spot-mon-phase2_recoonly_actsfasttracking,2024-08-28 21:01:00,0.8618322222222221,0.7728377777777778,0.6965667676767677,0.3554619191919192,0.09712121212121212
28-09-2024-main-x86_64-el9-gcc13-opt-phase2_recoonly_actsfasttracking-RAWtoALL,spot-mon-phase2_recoonly_actsfasttracking,2024-09-28 21:01:00,0.7321008080808081,0.7788256565656566,0.7238443434343435,0.36682343434343434,0.09700626262626263
28-10-2024-main-x86_64-el9-gcc13-opt-phase2_recoonly_actsfasttracking-RAWtoALL,spot-mon-phase2_recoonly_actsfasttracking,2024-10-28 21:01:00,0.7154459595959596,0.8176030303030303,0.6987360606060606,0.37407252525252527,0.09768525252525252
28-11-2024-main-x86_64-el9-gcc13-opt-phase2_recoonly_actsfasttracking-RAWtoALL,spot-mon-phase2_recoonly_actsfasttracking,2024-11-28 21:01:00,0.7981928282828283,0.8001613131313131,0.7054778787878787,0.3514766666666667,0.10123747474747476
28-12-2024-main-x86_64-el9-gcc13-opt-phase2_recoonly_actsfasttracking-RAWtoALL,spot-mon-phase2_recoonly_actsfasttracking,2024-12-28 21:01:00,0.8102135353535354,0.8019830303030303,0.7493702020202019,0.34884898989898994,0.10439787878787879
29-01-2025-main-x86_64-el9-gcc13-opt-phase2_recoonly_actsfasttracking-RAWtoALL,spot-mon-phase2_recoonly_actsfasttracking,2025-01-29 21:01:00,0.8366653535353535,0.8118435353535353,0.5917485858585858,0.35541050505050503,0.11217242424242424
29-03-2025-main-x86_64-el9-gcc13-opt-phase2_recoonly_actsfasttracking-RAWtoALL,spot-mon-phase2_recoonly_actsfasttracking,,0.7727607070707071,0.791679292929293,0.41714111111111113,0.327209494949495,0.10532515151515152
29-04-2025-main-x86_64-el9-gcc13-opt-phase2_recoonly_actsfasttracking-RAWtoALL,spot-mon-phase2_recoonly_actsfasttracking,2025-04-29 21:00:00,0.7621397979797979,0.7965840404040405,0.4011924242424243,0.3282520202020202,0.1042070707070707
29-07-2024-main-x86_64-el9-gcc13-opt-phase2_recoonly_actsfasttracking-RAWtoALL,spot-mon-phase2_recoonly_actsfasttracking,2024-07-29 21:01:00,0.9232337373737373,0.7748508080808081,0.7032029292929292,0.34298666666666666,0.09645939393939393
29-08-2024-main-x86_64-el9-gcc13-opt-phase2_recoonly_actsfasttracking-RAWtoALL,spot-mon-phase2_recoonly_actsfasttracking,2024-08-29 21:01:00,0.8718229292929293,0.7737873737373737,0.7084686868686868,0.36186595959595963,0.09762313131313131
29-09-2024-main-x86_64-el9-gcc13-opt-phase2_recoonly_actsfasttracking-RAWtoALL,spot-mon-phase2_recoonly_actsfasttracking,2024-09-29 21:01:00,0.7403547474747475,0.7763819191919191,0.6933979797979798,0.36576414141414143,0.09684636363636363
29-10-2024-main-x86_64-el9-gcc13-opt-phase2_recoonly_actsfasttracking-RAWtoALL,spot-mon-phase2_recoonly_actsfasttracking,2024-10-29 21:01:00,0.7186256565656566,0.8250545454545454,0.7053529292929294,0.3751805050505051,0.1010649494949495
29-11-2024-main-x86_64-el9-gcc13-opt-phase2_recoonly_actsfasttracking-RAWtoALL,spot-mon-phase2_recoonly_actsfasttracking,2024-11-29 21:01:00,0.7997374747474747,0.7992051515151515,0.7067283838383839,0.35614,0.10126454545454545
29-12-2024-main-x86_64-el9-gcc13-opt-phase2_recoonly_actsfasttracking-RAWtoALL,spot-mon-phase2_recoonly_actsfasttracking,2024-12-29 21:01:00,0.8062118181818182,0.8053657575757576,0.7124054545454545,0.3509450505050505,0.1006411111111111
30-01-2025-main-x86_64-el9-gcc13-opt-phase2_recoonly_actsfasttracking-RAWtoALL,spot-mon-phase2_recoonly_actsfasttracking,2025-01-30 21:01:00,0.8431836363636364,0.8037135353535353,0.5873961616161616,0.35466474747474747,0.11178777777777778
30-03-2025-main-x86_64-el9-gcc13-opt-phase2_recoonly_actsfasttracking-RAWtoALL,spot-mon-phase2_recoonly_actsfasttracking,2025-03-30 21:01:00,0.7684391919191919,0.7930281818181818,0.4197379797979798,0.3313059595959596,0.10708000000000001
30-04-2025-main-x86_64-el9-gcc13-opt-phase2_recoonly_actsfasttracking-RAWtoALL,spot-mon-phase2_recoonly_actsfasttracking,2025-04-30 21:00:00,0.7444159595959595,0.799000303030303,0.4093849494949495,0.3277275757575757,0.10403868686868686
30-07-2024-main-x86_64-el9-gcc13-opt-phase2_recoonly_actsfasttracking-RAWtoALL,spot-mon-phase2_recoonly_actsfasttracking,2024-07-30 21:01:00,0.9138328282828282,0.7741356565656564,0.7087571717171718,0.33990828282828284,0.09572828282828283
30-08-2024-main-x86_64-el9-gcc13-opt-phase2_recoonly_actsfasttracking-RAWtoALL,spot-mon-phase2_recoonly_actsfasttracking,2024-08-30 21:01:00,0.8293753535353535,0.7740730303030303,0.7049864646464646,0.35924959595959594,0.09629575757575759
30-09-2024-main-x86_64-el9-gcc13-opt-phase2_recoonly_actsfasttracking-RAWtoALL,spot-mon-phase2_recoonly_actsfasttracking,2024-09-30 21:01:00,0.7434466666666667,0.7766711111111111,0.71292,0.36462838383838386,0.09656979797979798
30-10-2024-main-x86_64-el9-gcc13-opt-phase2_recoonly_actsfasttracking-RAWtoALL,spot-mon-phase2_recoonly_actsfasttracking,2024-10-30 21:01:00,0.7189233333333334,0.8243956565656565,0.709489696969697,0.37510000000000004,0.09757676767676768
30-11-2024-main-x86_64-el9-gcc13-opt-phase2_recoonly_actsfasttracking-RAWtoALL,spot-mon-phase2_recoonly_actsfasttracking,2024-11-30 21:01:00,0.7975952525252524,0.8050759595959597,0.7058429292929294,0.35202111111111106,0.1025140404040404
30-12-2024-main-x86_64-el9-gcc13-opt-phase2_recoonly_actsfasttracking-RAWtoALL,spot-mon-phase2_recoonly_actsfasttracking,2024-12-30 21:01:00,0.8592435353535354,0.8010238383838384,0.7185971717171717,0.3536470707070707,0.10139050505050506
31-01-2025-main-x86_64-el9-gcc13-opt-phase2_recoonly_actsfasttracking-RAWtoALL,spot-mon-phase2_recoonly_actsfasttracking,2025-01-31 21:01:00,0.8830074747474749,0.8035237373737374,0.5882471717171718,0.35386888888888884,0.1120679797979798
31-03-2025-main-x86_64-el9-gcc13-opt-phase2_recoonly_actsfasttracking-RAWtoALL,spot-mon-phase2_recoonly_actsfasttracking,2025-03-31 21:01:00,0.7520330303030304,0.7850813131313131,0.4165437373737374,0.32552828282828283,0.1046979797979798
31-07-2024-main-x86_64-el9-gcc13-opt-phase2_recoonly_actsfasttracking-RAWtoALL,spot-mon-phase2_recoonly_actsfasttracking,2024-07-31 21:01:00,0.9286813131313131,0.7735137373737374,0.7002722222222222,0.34215313131313135,0.09709232323232324
31-08-2024-main-x86_64-el9-gcc13-opt-phase2_recoonly_actsfasttracking-RAWtoALL,spot-mon-phase2_recoonly_actsfasttracking,2024-08-31 21:01:00,0.8362930303030303,0.7715770707070708,0.7018906060606059,0.3627978787878788,0.09626787878787879
31-10-2024-main-x86_64-el9-gcc13-opt-phase2_recoonly_actsfasttracking-RAWtoALL,spot-mon-phase2_recoonly_actsfasttracking,2024-10-31 21:01:00,0.7142351515151515,0.8231043434343435,0.7107556565656564,0.3783159595959596,0.0976460606060606
31-12-2024-main-x86_64-el9-gcc13-opt-phase2_recoonly_actsfasttracking-RAWtoALL,spot-mon-phase2_recoonly_actsfasttracking,2024-12-31 21:01:00,0.8155161616161617,0.8064473737373737,0.7126943434343435,0.3539041414141414,0.1010420202020202
